frame_index,track_id,class_name,confidence,x1,y1,x2,y2,vel_x,vel_y,acc_x,acc_y,agent_yaw,ego_x,ego_y,ego_yaw
0,3664,pedestrian,1.0,462.988,1627.127,463.72200000000004,1627.7069999999999,0.12399999999990996,-0.17799999999988358,0.0,0.0,-0.5802521631180948,429.37257309702187,1651.1314588659152,-0.5217460494025904
0,3665,pedestrian,1.0,464.3795,1628.425,465.1585,1629.2569999999998,1.9539999999999509,0.7420000000001892,0.0,0.0,0.7337364175348553,429.37257309702187,1651.1314588659152,-0.5217460494025904
0,3666,pedestrian,1.0,468.425,1628.2269999999999,469.16900000000004,1628.987,-1.4080000000000155,-0.2139999999999418,0.0,0.0,-2.947162974916433,429.37257309702187,1651.1314588659152,-0.5217460494025904
0,3667,pedestrian,1.0,465.13550000000004,1627.539,465.8345,1628.229,0.2559999999999718,-0.16600000000016735,0.0,0.0,2.5680774613856476,429.37257309702187,1651.1314588659152,-0.5217460494025904
0,3668,vehicle,1.0,411.695,1671.029,416.38500000000005,1673.165,0.2400000000000091,-0.10199999999986176,0.0,0.0,-2.109474747126641,429.37257309702187,1651.1314588659152,-0.5217460494025904
0,3669,vehicle,1.0,462.545,1610.8035,467.021,1612.6985,-9.658000000000015,9.434000000000196,0.0,0.0,2.3102399709880252,429.37257309702187,1651.1314588659152,-0.5217460494025904
0,3670,vehicle,1.0,463.471,1624.7665000000002,467.639,1626.6295,0.31999999999993634,-0.41600000000016735,0.0,0.0,-0.7596371036259524,429.37257309702187,1651.1314588659152,-0.5217460494025904
1,3664,pedestrian,1.0,463.04999999999995,1627.038,463.784,1627.618,0.12399999999990996,-0.17799999999988358,0.0,0.0,-0.5802521631180948,430.24418196247666,1650.6223089643588,-0.5309575712677955
1,3665,pedestrian,1.0,465.3565,1628.796,466.1355,1629.628,1.9539999999999509,0.7420000000001892,0.0,0.0,0.7686430025747419,430.24418196247666,1650.6223089643588,-0.5309575712677955
1,3666,pedestrian,1.0,467.721,1628.12,468.46500000000003,1628.88,-1.4080000000000155,-0.2139999999999418,0.0,0.0,-2.9646162674363756,430.24418196247666,1650.6223089643588,-0.5309575712677955
1,3667,pedestrian,1.0,465.2635,1627.456,465.9625,1628.146,0.2559999999999718,-0.16600000000016735,0.0,0.0,2.5680774613856476,430.24418196247666,1650.6223089643588,-0.5309575712677955
1,3668,vehicle,1.0,411.815,1670.978,416.50500000000005,1673.114,0.2400000000000091,-0.10199999999986176,0.0,0.0,-2.0745485637943144,430.24418196247666,1650.6223089643588,-0.5309575712677955
1,3669,vehicle,1.0,457.716,1615.5205,462.192,1617.4155,-9.658000000000015,9.434000000000196,0.0,0.0,2.3625998485478554,430.24418196247666,1650.6223089643588,-0.5309575712677955
1,3670,vehicle,1.0,463.631,1624.5585,467.799,1626.4215,0.31999999999993634,-0.41600000000016735,0.0,0.0,-0.7596371036259524,430.24418196247666,1650.6223089643588,-0.5309575712677955
2,3664,pedestrian,1.0,463.111,1626.948,463.845,1627.528,0.12200000000007094,-0.1799999999998363,-0.003999999999678039,-0.0039999999999054126,-0.5802521631180948,434.5359348766648,1647.9084659067003,-0.5951711577440477
2,3665,pedestrian,1.0,466.9005,1628.719,467.6795,1629.551,3.088000000000079,-0.15399999999999636,2.2680000000002565,-1.792000000000371,-0.2436479635819706,434.5359348766648,1647.9084659067003,-0.5951711577440477
2,3666,pedestrian,1.0,467.03499999999997,1628.04,467.779,1628.8000000000002,-1.372000000000071,-0.15999999999985448,0.07199999999988904,0.10800000000017462,-3.121695900115866,434.5359348766648,1647.9084659067003,-0.5951711577440477
2,3667,pedestrian,1.0,465.2165,1627.382,465.91549999999995,1628.0720000000001,-0.09400000000005093,-0.1479999999996835,-0.7000000000000455,0.0360000000009677,2.5680774613856476,434.5359348766648,1647.9084659067003,-0.5951711577440477
2,3668,vehicle,1.0,411.936,1670.933,416.62600000000003,1673.069,0.2419999999999618,-0.09000000000014552,0.0039999999999054126,0.023999999999432475,-2.039661577046868,434.5359348766648,1647.9084659067003,-0.5951711577440477
2,3669,vehicle,1.0,452.845,1620.1475,457.321,1622.0425,-9.741999999999962,9.253999999999905,-0.16799999999989268,-0.3600000000005821,2.3975064335877416,434.5359348766648,1647.9084659067003,-0.5951711577440477
2,3670,vehicle,1.0,463.79,1624.3505,467.958,1626.2134999999998,0.3180000000000973,-0.41600000000016735,-0.003999999999678039,0.0,-0.7596371036259524,434.5359348766648,1647.9084659067003,-0.5951711577440477
2,3671,bicycle,1.0,464.183,1599.8325000000002,465.84299999999996,1600.5435,-0.06399999999996453,-0.010000000000218279,0.0,0.0,-2.983116757482053,434.5359348766648,1647.9084659067003,-0.5951711577440477
3,3664,pedestrian,1.0,463.07599999999996,1626.805,463.81,1627.385,-0.07000000000005002,-0.2860000000000582,-0.3840000000002419,-0.21200000000044383,-0.5802521631180948,435.9439107797277,1646.9244707884882,-0.6160723644376632
3,3665,pedestrian,1.0,468.2245,1628.567,469.0035,1629.399,2.647999999999911,-0.3040000000000873,-0.8800000000003365,-0.3000000000001819,-0.4356341813013471,435.9439107797277,1646.9244707884882,-0.6160723644376632
3,3666,pedestrian,1.0,466.193,1628.042,466.937,1628.8020000000001,-1.683999999999969,0.0039999999999054126,-0.6239999999997963,0.3279999999995198,3.0751289579335044,435.9439107797277,1646.9244707884882,-0.6160723644376632
3,3667,pedestrian,1.0,465.1635,1627.213,465.86249999999995,1627.903,-0.10599999999999454,-0.3380000000001928,-0.023999999999887223,-0.38000000000101863,2.7251570940651373,435.9439107797277,1646.9244707884882,-0.6160723644376632
3,3668,vehicle,1.0,411.756,1670.221,416.446,1672.357,-0.36000000000001364,-1.4239999999999782,-1.2039999999999509,-2.6679999999996653,-2.039661577046868,435.9439107797277,1646.9244707884882,-0.6160723644376632
3,3669,vehicle,1.0,446.566,1625.2445,451.042,1627.1395,-12.558000000000106,10.19399999999996,-5.632000000000289,1.8800000000001091,2.416487867291876,435.9439107797277,1646.9244707884882,-0.6160723644376632
3,3670,vehicle,1.0,463.98199999999997,1624.1005,468.15,1625.9634999999998,0.38399999999990087,-0.5,0.1319999999996071,-0.1679999999996653,-0.7596371036259524,435.9439107797277,1646.9244707884882,-0.6160723644376632
3,3671,bicycle,1.0,464.151,1599.8275,465.811,1600.5384999999999,-0.06399999999996453,-0.010000000000218279,0.0,0.0,-2.983116757482053,435.9439107797277,1646.9244707884882,-0.6160723644376632
4,3664,pedestrian,1.0,463.162,1626.857,463.896,1627.437,0.17200000000002547,0.10399999999981446,0.484000000000151,0.7799999999997453,-0.5802521631180948,441.1269788989764,1642.9113120866655,-0.6729426336312694
4,3665,pedestrian,1.0,468.8365,1628.454,469.6155,1629.2859999999998,1.2240000000000464,-0.22600000000011278,-2.847999999999729,0.15599999999994907,-0.4356341813013471,441.1269788989764,1642.9113120866655,-0.6729426336312694
4,3666,pedestrian,1.0,465.438,1628.167,466.182,1628.9270000000001,-1.509999999999991,0.25,0.34799999999995634,0.4920000000001892,2.868098793577489,441.1269788989764,1642.9113120866655,-0.6729426336312694
4,3667,pedestrian,1.0,465.1635,1627.213,465.86249999999995,1627.903,0.0,0.0,0.21199999999998909,0.6760000000003856,2.7251570940651373,441.1269788989764,1642.9113120866655,-0.6729426336312694
4,3668,vehicle,1.0,411.38199999999995,1668.708,416.072,1670.844,-0.7480000000000473,-3.02599999999984,-0.7760000000000673,-3.2039999999997235,-1.8797374127148125,441.1269788989764,1642.9113120866655,-0.6729426336312694
4,3669,vehicle,1.0,440.809,1629.8885,445.285,1631.7835,-11.513999999999896,9.288000000000011,2.08800000000042,-1.8119999999998981,2.467319603667515,441.1269788989764,1642.9113120866655,-0.6729426336312694
4,3670,vehicle,1.0,464.157,1623.8715000000002,468.325,1625.7345,0.35000000000002274,-0.4579999999996289,-0.06799999999975626,0.08400000000074215,-0.7596371036259524,441.1269788989764,1642.9113120866655,-0.6729426336312694
4,3671,bicycle,1.0,464.12100000000004,1599.8225000000002,465.781,1600.5335,-0.05999999999994543,-0.009999999999763531,0.008000000000038199,9.094947017729282e-13,-2.983116757482053,441.1269788989764,1642.9113120866655,-0.6729426336312694
5,3664,pedestrian,1.0,463.18699999999995,1626.827,463.921,1627.407,0.049999999999954525,-0.05999999999994543,-0.24400000000014188,-0.3279999999995198,-0.5802521631180948,441.92249953950454,1642.263638780641,-0.6776331778800979
5,3665,pedestrian,1.0,469.2335,1628.3110000000001,470.0125,1629.143,0.7939999999999827,-0.28599999999960346,-0.8600000000001273,-0.11999999999898137,-0.4356341813013471,441.92249953950454,1642.263638780641,-0.6776331778800979
5,3666,pedestrian,1.0,464.832,1628.318,465.576,1629.0780000000002,-1.211999999999989,0.3020000000001346,0.5960000000000036,0.10400000000026921,2.8298768491847976,441.92249953950454,1642.263638780641,-0.6776331778800979
5,3667,pedestrian,1.0,465.2375,1627.181,465.93649999999997,1627.871,0.14800000000002456,-0.06399999999985084,0.2960000000000491,-0.12799999999970169,2.7251570940651373,441.92249953950454,1642.263638780641,-0.6776331778800979
5,3668,vehicle,1.0,411.25899999999996,1667.4370000000001,415.949,1669.573,-0.2459999999999809,-2.5419999999999163,1.0040000000001328,0.9679999999998472,-1.7487770538619265,441.92249953950454,1642.263638780641,-0.6776331778800979
5,3669,vehicle,1.0,436.087,1633.4435,440.563,1635.3385,-9.444000000000074,7.110000000000127,4.139999999999645,-4.355999999999767,2.519679481227345,441.92249953950454,1642.263638780641,-0.6776331778800979
5,3670,vehicle,1.0,464.301,1623.6845,468.469,1625.5475,0.2880000000000109,-0.374000000000251,-0.12400000000002365,0.1679999999987558,-0.7596371036259524,441.92249953950454,1642.263638780641,-0.6776331778800979
5,3671,bicycle,1.0,464.09700000000004,1599.8185,465.757,1600.5294999999999,-0.04800000000000182,-0.008000000000265572,0.023999999999887223,0.003999999998995918,-2.983116757482053,441.92249953950454,1642.263638780641,-0.6776331778800979
6,3664,pedestrian,1.0,463.216,1626.794,463.95000000000005,1627.374,0.05800000000010641,-0.06599999999980355,0.01600000000030377,-0.011999999999716238,-0.5802521631180948,445.18482182007716,1639.543007602551,-0.6907586827527791
6,3665,pedestrian,1.0,469.1615,1628.229,469.9405,1629.061,-0.14400000000000546,-0.16400000000021464,-1.8759999999999764,0.24399999999877764,-0.3945493350102481,445.18482182007716,1639.543007602551,-0.6907586827527791
6,3666,pedestrian,1.0,464.497,1628.2879999999998,465.24100000000004,1629.048,-0.6699999999999591,-0.06000000000040018,1.08400000000006,-0.7240000000010696,3.004421051861402,445.18482182007716,1639.543007602551,-0.6907586827527791
6,3667,pedestrian,1.0,465.2525,1627.158,465.95149999999995,1627.848,0.029999999999972715,-0.046000000000276486,-0.23600000000010368,0.03599999999914871,2.7901582089177266,445.18482182007716,1639.543007602551,-0.6907586827527791
6,3668,vehicle,1.0,411.318,1666.021,416.00800000000004,1668.157,0.11800000000005184,-2.8320000000003347,0.7280000000000655,-0.5800000000008367,-1.6033292640482908,445.18482182007716,1639.543007602551,-0.6907586827527791
6,3669,vehicle,1.0,430.574,1637.0885,435.05,1638.9835,-11.025999999999954,7.289999999999964,-3.16399999999976,0.3599999999996726,2.5720393587871753,445.18482182007716,1639.543007602551,-0.6907586827527791
6,3670,vehicle,1.0,464.10699999999997,1623.8815000000002,468.275,1625.7445,-0.38800000000003365,0.39400000000023283,-1.3520000000000891,1.5360000000009677,-0.7596371036259524,445.18482182007716,1639.543007602551,-0.6907586827527791
6,3671,bicycle,1.0,464.07,1599.8145000000002,465.72999999999996,1600.5255,-0.05400000000008731,-0.007999999999810825,-0.012000000000170985,9.094947017729282e-13,-2.983116757482053,445.18482182007716,1639.543007602551,-0.6907586827527791
6,3672,vehicle,1.0,460.354,1612.1135000000002,464.482,1614.0325,-9.82000000000005,9.259999999999764,0.0,0.0,2.358655404437374,445.18482182007716,1639.543007602551,-0.6907586827527791
7,3664,pedestrian,1.0,463.245,1626.761,463.97900000000004,1627.341,0.057999999999992724,-0.0660000000002583,-2.2737367544323206e-13,-9.094947017729282e-13,-0.5802521631180948,447.9620771160187,1637.2036704391512,-0.6891623272819607
7,3665,pedestrian,1.0,469.10450000000003,1628.172,469.8835,1629.004,-0.11399999999991905,-0.11400000000003274,0.060000000000172804,0.1000000000003638,-0.19638625322902017,447.9620771160187,1637.2036704391512,-0.6891623272819607
7,3666,pedestrian,1.0,464.252,1628.059,464.99600000000004,1628.8190000000002,-0.4900000000000091,-0.4579999999996289,0.35999999999989996,-0.7959999999984575,-2.1268582264791047,447.9620771160187,1637.2036704391512,-0.6891623272819607
7,3667,pedestrian,1.0,465.26950000000005,1627.136,465.9685,1627.826,0.0340000000001055,-0.04399999999986903,0.008000000000265572,0.004000000000814907,2.8551571132505176,447.9620771160187,1637.2036704391512,-0.6891623272819607
7,3668,vehicle,1.0,411.44,1663.843,416.13000000000005,1665.979,0.2440000000000282,-4.355999999999767,0.2519999999999527,-3.047999999998865,-1.4113430463289165,447.9620771160187,1637.2036704391512,-0.6891623272819607
7,3669,vehicle,1.0,424.894,1640.4755,429.37,1642.3705,-11.360000000000014,6.773999999999887,-0.66800000000012,-1.0320000000001528,2.5720393587871753,447.9620771160187,1637.2036704391512,-0.6891623272819607
7,3670,vehicle,1.0,463.913,1624.0785,468.081,1625.9415,-0.38799999999991996,0.3939999999997781,2.2737367544323206e-13,-9.094947017729282e-13,-0.7596371036259524,447.9620771160187,1637.2036704391512,-0.6891623272819607
7,3671,bicycle,1.0,464.10200000000003,1599.8195,465.762,1600.5304999999998,0.06400000000007822,0.009999999999763531,0.23600000000033106,0.03599999999914871,-2.983116757482053,447.9620771160187,1637.2036704391512,-0.6891623272819607
7,3672,vehicle,1.0,455.44399999999996,1616.7435,459.572,1618.6625,-9.82000000000005,9.259999999999764,0.0,0.0,2.4459218670370904,447.9620771160187,1637.2036704391512,-0.6891623272819607
8,3664,pedestrian,1.0,463.286,1626.6960000000001,464.02000000000004,1627.276,0.08199999999999363,-0.1299999999996544,0.04800000000000182,-0.1279999999987922,-0.5802521631180948,448.6396760904526,1636.6338710424861,-0.6888989106483911
8,3665,pedestrian,1.0,469.0715,1628.192,469.8505,1629.024,-0.06600000000003092,0.03999999999996362,0.09599999999977626,0.3079999999999927,-0.25412604759360624,448.6396760904526,1636.6338710424861,-0.6888989106483911
8,3666,pedestrian,1.0,464.03299999999996,1627.721,464.777,1628.4810000000002,-0.43800000000010186,-0.6759999999999309,0.10399999999981446,-0.4360000000006039,-1.8605294842469635,448.6396760904526,1636.6338710424861,-0.6888989106483911
8,3667,pedestrian,1.0,465.28950000000003,1627.114,465.9885,1627.804,0.03999999999996362,-0.04399999999986903,0.011999999999716238,0.0,2.9267038372870373,448.6396760904526,1636.6338710424861,-0.6888989106483911
8,3668,vehicle,1.0,412.30499999999995,1661.471,416.995,1663.607,1.7299999999999045,-4.744000000000142,2.9719999999997526,-0.7760000000007494,-1.166996951049713,448.6396760904526,1636.6338710424861,-0.6888989106483911
8,3669,vehicle,1.0,418.72,1643.9225,423.196,1645.8174999999999,-12.347999999999956,6.893999999999778,-1.9759999999998854,0.23999999999978172,2.5720393587871753,448.6396760904526,1636.6338710424861,-0.6888989106483911
8,3670,vehicle,1.0,463.699,1624.2955000000002,467.867,1626.1585,-0.42799999999999727,0.43400000000019645,-0.08000000000015461,0.08000000000083674,-0.7596371036259524,448.6396760904526,1636.6338710424861,-0.6888989106483911
8,3671,bicycle,1.0,464.13800000000003,1599.8255000000001,465.798,1600.5365,0.07200000000000273,0.012000000000170985,0.015999999999849024,0.004000000000814907,-2.983116757482053,448.6396760904526,1636.6338710424861,-0.6888989106483911
8,3672,vehicle,1.0,449.69399999999996,1621.9245,453.822,1623.8435,-11.5,10.36200000000008,-3.3599999999999,2.204000000000633,2.4459218670370904,448.6396760904526,1636.6338710424861,-0.6888989106483911
9,3664,pedestrian,1.0,463.31899999999996,1626.643,464.053,1627.223,0.06599999999991724,-0.10600000000022192,-0.032000000000152795,0.04799999999886495,-0.5802521631180948,451.39254949027537,1634.2948895972013,-0.7076324605867976
9,3665,pedestrian,1.0,469.0375,1628.192,469.8165,1629.024,-0.06799999999998363,0.0,-0.0039999999999054126,-0.07999999999992724,-0.156381500982254,451.39254949027537,1634.2948895972013,-0.7076324605867976
9,3666,pedestrian,1.0,463.906,1627.308,464.65000000000003,1628.0680000000002,-0.2539999999999054,-0.8260000000000218,0.3680000000003929,-0.3000000000001819,-1.6426886139104016,451.39254949027537,1634.2948895972013,-0.7076324605867976
9,3667,pedestrian,1.0,465.3065,1627.096,466.0055,1627.786,0.033999999999991815,-0.03600000000005821,-0.011999999999943611,0.01599999999962165,2.98522474833561,451.39254949027537,1634.2948895972013,-0.7076324605867976
9,3668,vehicle,1.0,414.205,1659.298,418.89500000000004,1661.434,3.800000000000068,-4.346000000000004,4.140000000000327,0.7960000000002765,-1.0797304884499974,451.39254949027537,1634.2948895972013,-0.7076324605867976
9,3669,vehicle,1.0,413.67,1646.7425,418.146,1648.6375,-10.100000000000023,5.640000000000327,4.495999999999867,-2.5079999999989013,2.5720393587871753,451.39254949027537,1634.2948895972013,-0.7076324605867976
9,3670,vehicle,1.0,463.71999999999997,1624.2765000000002,467.888,1626.1395,0.041999999999916326,-0.038000000000010914,0.9399999999998272,-0.9440000000004147,-0.7596371036259524,451.39254949027537,1634.2948895972013,-0.7076324605867976
9,3671,bicycle,1.0,464.12800000000004,1599.8235000000002,465.788,1600.5345,-0.01999999999998181,-0.0039999999999054126,-0.18399999999996908,-0.032000000000152795,-2.983116757482053,451.39254949027537,1634.2948895972013,-0.7076324605867976
9,3672,vehicle,1.0,444.698,1626.0815,448.826,1628.0004999999999,-9.991999999999962,8.31399999999985,3.0160000000000764,-4.096000000000458,2.463375159557034,451.39254949027537,1634.2948895972013,-0.7076324605867976
10,3664,pedestrian,1.0,463.35999999999996,1626.578,464.094,1627.158,0.08199999999999363,-0.13000000000010914,0.032000000000152795,-0.047999999999774445,-0.5802521631180948,454.5891794474643,1631.3527925237822,-0.7559069611313298
10,3665,pedestrian,1.0,468.9725,1628.1370000000002,469.7515,1628.969,-0.12999999999999545,-0.10999999999967258,-0.12400000000002365,-0.21999999999934516,-0.4356341813013471,454.5891794474643,1631.3527925237822,-0.7559069611313298
10,3666,pedestrian,1.0,463.877,1626.781,464.62100000000004,1627.5410000000002,-0.057999999999992724,-1.0540000000000873,0.3919999999998254,-0.45600000000013097,-1.3763666481215506,454.5891794474643,1631.3527925237822,-0.7559069611313298
10,3667,pedestrian,1.0,465.3295,1627.076,466.02849999999995,1627.766,0.045999999999935426,-0.03999999999996362,0.023999999999887223,-0.007999999999810825,3.0567696519440606,454.5891794474643,1631.3527925237822,-0.7559069611313298
10,3668,vehicle,1.0,416.424,1657.664,421.11400000000003,1659.8,4.437999999999988,-3.268000000000029,1.27599999999984,2.155999999999949,-0.7481179305710784,454.5891794474643,1631.3527925237822,-0.7559069611313298
10,3669,vehicle,1.0,406.411,1650.7345,410.887,1652.6295,-14.518000000000029,7.983999999999924,-8.836000000000013,4.687999999999192,2.6767591139068347,454.5891794474643,1631.3527925237822,-0.7559069611313298
10,3670,vehicle,1.0,463.745,1624.2525,467.913,1626.1154999999999,0.05000000000006821,-0.04800000000022919,0.01600000000030377,-0.020000000000436557,-0.7596371036259524,454.5891794474643,1631.3527925237822,-0.7559069611313298
10,3671,bicycle,1.0,464.115,1599.8215,465.775,1600.5324999999998,-0.026000000000067303,-0.00400000000036016,-0.012000000000170985,-9.094947017729282e-13,-2.983116757482053,454.5891794474643,1631.3527925237822,-0.7559069611313298
10,3672,vehicle,1.0,438.781,1630.5915,442.90900000000005,1632.5104999999999,-11.833999999999946,9.019999999999982,-3.683999999999969,1.412000000000262,2.4982817445969205,454.5891794474643,1631.3527925237822,-0.7559069611313298
11,3664,pedestrian,1.0,463.334,1626.578,464.06800000000004,1627.158,-0.05199999999990723,0.0,-0.26799999999980173,0.2600000000002183,-0.5802521631180948,456.83995464232066,1629.134496212921,-0.7794095265021723
11,3665,pedestrian,1.0,468.9125,1628.142,469.6915,1628.974,-0.12000000000000455,0.009999999999763531,0.01999999999998181,0.23999999999887223,-0.7652553494028513,456.83995464232066,1629.134496212921,-0.7794095265021723
11,3666,pedestrian,1.0,463.917,1626.447,464.661,1627.207,0.07999999999992724,-0.66800000000012,0.27599999999983993,0.7719999999999345,-1.0098475052027456,456.83995464232066,1629.134496212921,-0.7794095265021723
11,3667,pedestrian,1.0,465.36350000000004,1627.056,466.0625,1627.746,0.06800000000009732,-0.03999999999996362,0.04400000000032378,0.0,3.0567696519440606,456.83995464232066,1629.134496212921,-0.7794095265021723
11,3668,vehicle,1.0,418.20399999999995,1656.326,422.894,1658.462,3.5599999999999454,-2.675999999999931,-1.7560000000000855,1.1840000000001965,-0.64339817545142,456.83995464232066,1629.134496212921,-0.7794095265021723
11,3669,vehicle,1.0,400.495,1654.0235,404.971,1655.9185,-11.831999999999994,6.5779999999999745,5.372000000000071,-2.811999999999898,2.6767591139068347,456.83995464232066,1629.134496212921,-0.7794095265021723
11,3670,vehicle,1.0,463.765,1624.2325,467.933,1626.0955,0.03999999999996362,-0.03999999999996362,-0.020000000000209184,0.016000000000531145,-0.7596371036259524,456.83995464232066,1629.134496212921,-0.7794095265021723
11,3671,bicycle,1.0,464.108,1599.8155000000002,465.768,1600.5265,-0.014000000000010004,-0.011999999999716238,0.024000000000114596,-0.015999999998712156,-2.983116757482053,456.83995464232066,1629.134496212921,-0.7794095265021723
11,3672,vehicle,1.0,433.864,1634.2055,437.992,1636.1245,-9.83400000000006,7.2280000000000655,3.9999999999997726,-3.5839999999998327,2.533188329636807,456.83995464232066,1629.134496212921,-0.7794095265021723
11,3673,vehicle,1.0,480.82800000000003,1582.369,485.464,1584.369,-6.096000000000004,9.400000000000091,0.0,0.0,2.1465629937345603,456.83995464232066,1629.134496212921,-0.7794095265021723
12,3664,pedestrian,1.0,463.30199999999996,1626.577,464.036,1627.157,-0.06400000000007822,-0.0019999999999527063,-0.02400000000034197,-0.0039999999999054126,-0.5802521631180948,457.9209323384772,1628.0514809957408,-0.7728485920184457
12,3665,pedestrian,1.0,468.8465,1628.173,469.6255,1629.0049999999999,-0.13200000000006185,0.06199999999989814,-0.024000000000114596,0.10400000000026921,-1.1700778196928887,457.9209323384772,1628.0514809957408,-0.7728485920184457
12,3666,pedestrian,1.0,463.941,1626.3139999999999,464.685,1627.074,0.04800000000000182,-0.2660000000000764,-0.06399999999985084,0.8040000000000873,-1.0098475052027456,457.9209323384772,1628.0514809957408,-0.7728485920184457
12,3667,pedestrian,1.0,465.4065,1627.032,466.10549999999995,1627.722,0.08599999999989905,-0.04800000000022919,0.03599999999960346,-0.016000000000531145,3.0567696519440606,457.9209323384772,1628.0514809957408,-0.7728485920184457
12,3668,vehicle,1.0,421.349,1654.141,426.03900000000004,1656.277,6.290000000000077,-4.369999999999891,5.460000000000264,-3.38799999999992,-0.64339817545142,457.9209323384772,1628.0514809957408,-0.7728485920184457
12,3669,vehicle,1.0,393.242,1658.0905,397.718,1659.9855,-14.505999999999972,8.134000000000015,-5.347999999999956,3.11200000000008,2.6767591139068347,457.9209323384772,1628.0514809957408,-0.7728485920184457
12,3670,vehicle,1.0,463.79,1624.2095000000002,467.958,1626.0725,0.05000000000006821,-0.04599999999982174,0.020000000000209184,-0.011999999999716238,-0.7596371036259524,457.9209323384772,1628.0514809957408,-0.7728485920184457
12,3671,bicycle,1.0,464.099,1599.8075000000001,465.75899999999996,1600.5185,-0.018000000000029104,-0.016000000000076398,-0.008000000000038199,-0.00800000000072032,-2.983116757482053,457.9209323384772,1628.0514809957408,-0.7728485920184457
12,3672,vehicle,1.0,427.709,1638.4775,431.83700000000005,1640.3964999999998,-12.309999999999945,8.543999999999869,-4.951999999999771,2.631999999999607,2.533188329636807,457.9209323384772,1628.0514809957408,-0.7728485920184457
12,3673,vehicle,1.0,477.78000000000003,1587.069,482.416,1589.069,-6.096000000000004,9.400000000000091,0.0,0.0,2.2687360413741633,457.9209323384772,1628.0514809957408,-0.7728485920184457
13,3664,pedestrian,1.0,463.272,1626.577,464.00600000000003,1627.157,-0.05999999999994543,0.0,0.008000000000265572,0.0039999999999054126,-0.5802521631180948,459.718059159972,1626.304899664197,-0.7539745188634769
13,3665,pedestrian,1.0,468.8015,1628.222,469.5805,1629.0539999999999,-0.09000000000003183,0.09799999999995634,0.08400000000006003,0.07200000000011642,-1.5348282225426884,459.718059159972,1626.304899664197,-0.7539745188634769
13,3666,pedestrian,1.0,463.921,1626.2859999999998,464.665,1627.046,-0.03999999999996362,-0.05600000000004002,-0.17599999999993088,0.42000000000007276,-1.0098475052027456,459.718059159972,1626.304899664197,-0.7539745188634769
13,3667,pedestrian,1.0,465.4445,1627.01,466.14349999999996,1627.7,0.07600000000002183,-0.04399999999986903,-0.019999999999754436,0.00800000000072032,3.0567696519440606,459.718059159972,1626.304899664197,-0.7539745188634769
13,3668,vehicle,1.0,424.294,1652.319,428.98400000000004,1654.455,5.889999999999986,-3.644000000000233,-0.8000000000001819,1.451999999999316,-0.64339817545142,459.718059159972,1626.304899664197,-0.7539745188634769
13,3670,vehicle,1.0,463.827,1624.1745,467.995,1626.0375,0.07399999999995543,-0.07000000000016371,0.047999999999774445,-0.04800000000068394,-0.7596371036259524,459.718059159972,1626.304899664197,-0.7539745188634769
13,3671,bicycle,1.0,464.091,1599.8005,465.751,1600.5114999999998,-0.01599999999996271,-0.014000000000123691,0.004000000000132786,0.0039999999999054126,-2.983116757482053,459.718059159972,1626.304899664197,-0.7539745188634769
13,3672,vehicle,1.0,421.941,1641.9895000000001,426.069,1643.9085,-11.536000000000058,7.024000000000342,1.5479999999997744,-3.039999999999054,2.6030014997165805,459.718059159972,1626.304899664197,-0.7539745188634769
13,3673,vehicle,1.0,474.56800000000004,1591.147,479.204,1593.147,-6.423999999999978,8.155999999999949,-0.6559999999999491,-2.4880000000002838,2.2687360413741633,459.718059159972,1626.304899664197,-0.7539745188634769
14,3664,pedestrian,1.0,463.272,1626.577,464.00600000000003,1627.157,0.0,0.0,0.11999999999989086,0.0,-0.5802521631180948,461.76348684267924,1624.4071950179768,-0.7280562277311065
14,3665,pedestrian,1.0,468.6855,1628.2050000000002,469.4645,1629.037,-0.2319999999999709,-0.033999999999650754,-0.2839999999998781,-0.2639999999992142,-1.7704938215453865,461.76348684267924,1624.4071950179768,-0.7280562277311065
14,3667,pedestrian,1.0,465.4825,1626.987,466.18149999999997,1627.6770000000001,0.07600000000002183,-0.04599999999982174,0.0,-0.0039999999999054126,3.0567696519440606,461.76348684267924,1624.4071950179768,-0.7280562277311065
14,3668,vehicle,1.0,427.42299999999994,1650.445,432.113,1652.581,6.2579999999999245,-3.7480000000000473,0.7359999999998763,-0.20799999999962893,-0.6259448829314769,461.76348684267924,1624.4071950179768,-0.7280562277311065
14,3670,vehicle,1.0,463.919,1624.0865000000001,468.087,1625.9495,0.18399999999996908,-0.17599999999993088,0.22000000000002728,-0.21199999999953434,-0.7596371036259524,461.76348684267924,1624.4071950179768,-0.7280562277311065
14,3671,bicycle,1.0,464.083,1599.7935,465.743,1600.5044999999998,-0.01599999999996271,-0.014000000000123691,0.0,0.0,-2.983116757482053,461.76348684267924,1624.4071950179768,-0.7280562277311065
14,3672,vehicle,1.0,416.16299999999995,1645.5515,420.291,1647.4705,-11.55600000000004,7.123999999999796,-0.03999999999996362,0.1999999999989086,2.6030014997165805,461.76348684267924,1624.4071950179768,-0.7280562277311065
14,3673,vehicle,1.0,471.175,1595.293,475.811,1597.293,-6.786000000000058,8.291999999999916,-0.7240000000001601,0.2719999999999345,2.2687360413741633,461.76348684267924,1624.4071950179768,-0.7280562277311065
15,3664,pedestrian,1.0,463.272,1626.577,464.00600000000003,1627.157,0.0,0.0,0.0,0.0,-0.5802521631180948,463.6525948098936,1622.734428250871,-0.7033954005407367
15,3665,pedestrian,1.0,468.3875,1628.0230000000001,469.1665,1628.855,-0.5960000000000036,-0.36400000000003274,-0.7280000000000655,-0.660000000000764,-2.0064305080962264,463.6525948098936,1622.734428250871,-0.7033954005407367
15,3667,pedestrian,1.0,465.5215,1626.965,466.22049999999996,1627.655,0.07799999999997453,-0.04400000000032378,0.0039999999999054126,0.003999999998995918,3.0567696519440606,463.6525948098936,1622.734428250871,-0.7033954005407367
15,3668,vehicle,1.0,430.921,1648.144,435.61100000000005,1650.28,6.996000000000095,-4.601999999999862,1.4760000000003402,-1.707999999999629,-0.6259448829314769,463.6525948098936,1622.734428250871,-0.7033954005407367
15,3670,vehicle,1.0,464.012,1623.9985000000001,468.18,1625.8615,0.18600000000003547,-0.17599999999993088,0.004000000000132786,0.0,-0.7596371036259524,463.6525948098936,1622.734428250871,-0.7033954005407367
15,3671,bicycle,1.0,464.076,1599.7865000000002,465.736,1600.4975,-0.014000000000010004,-0.013999999999668944,0.0039999999999054126,9.094947017729282e-13,-2.983116757482053,463.6525948098936,1622.734428250871,-0.7033954005407367
15,3672,vehicle,1.0,410.474,1649.2745,414.60200000000003,1651.1934999999999,-11.377999999999929,7.445999999999913,0.3560000000002219,0.6440000000002328,2.6030014997165805,463.6525948098936,1622.734428250871,-0.7033954005407367
15,3673,vehicle,1.0,467.778,1599.444,472.414,1601.444,-6.793999999999983,8.302000000000135,-0.015999999999849024,0.020000000000436557,2.2687360413741633,463.6525948098936,1622.734428250871,-0.7033954005407367
16,3664,pedestrian,1.0,463.272,1626.577,464.00600000000003,1627.157,0.0,0.0,0.0,0.0,-0.5802521631180948,464.1377784566456,1622.3203492781295,-0.6977110011177311
16,3665,pedestrian,1.0,467.7535,1627.6850000000002,468.53249999999997,1628.517,-1.268000000000029,-0.6759999999999309,-1.344000000000051,-0.6239999999997963,-2.5156575938862353,464.1377784566456,1622.3203492781295,-0.6977110011177311
16,3667,pedestrian,1.0,465.54850000000005,1626.965,466.2475,1627.655,0.05400000000008731,0.0,-0.047999999999774445,0.08800000000064756,3.083608673112847,464.1377784566456,1622.3203492781295,-0.6977110011177311
16,3668,vehicle,1.0,434.39,1645.701,439.08000000000004,1647.837,6.937999999999988,-4.885999999999967,-0.11600000000021282,-0.568000000000211,-0.6783047604913062,464.1377784566456,1622.3203492781295,-0.6977110011177311
16,3670,vehicle,1.0,464.104,1623.9115000000002,468.272,1625.7745,0.18399999999996908,-0.17399999999997817,-0.004000000000132786,0.0039999999999054126,-0.7596371036259524,464.1377784566456,1622.3203492781295,-0.6977110011177311
16,3671,bicycle,1.0,464.004,1599.7695,465.664,1600.4805,-0.14400000000000546,-0.0340000000001055,-0.2599999999999909,-0.040000000000873115,-2.983116757482053,464.1377784566456,1622.3203492781295,-0.6977110011177311
16,3672,vehicle,1.0,404.496,1652.4945,408.624,1654.4134999999999,-11.956000000000017,6.440000000000055,-1.1560000000001764,-2.0119999999997162,2.620454792236524,464.1377784566456,1622.3203492781295,-0.6977110011177311
16,3673,vehicle,1.0,464.23400000000004,1603.388,468.87,1605.388,-7.087999999999965,7.88799999999992,-0.5879999999999654,-0.8280000000004293,2.277467823123508,464.1377784566456,1622.3203492781295,-0.6977110011177311
17,3664,pedestrian,1.0,463.272,1626.577,464.00600000000003,1627.157,0.0,0.0,0.0,0.0,-0.5802521631180948,466.2292146369642,1620.561944648101,-0.6859293085693304
17,3665,pedestrian,1.0,467.0355,1627.699,467.8145,1628.531,-1.4359999999999218,0.027999999999792635,-0.33599999999978536,1.407999999999447,-3.0242856884594116,466.2292146369642,1620.561944648101,-0.6859293085693304
17,3667,pedestrian,1.0,465.5765,1626.965,466.27549999999997,1627.655,0.05599999999992633,0.0,0.003999999999678039,0.0,3.110416124205341,466.2292146369642,1620.561944648101,-0.6859293085693304
17,3668,vehicle,1.0,437.748,1643.101,442.43800000000005,1645.237,6.716000000000008,-5.199999999999818,-0.44399999999996,-0.6279999999997017,-0.6783047604913062,466.2292146369642,1620.561944648101,-0.6859293085693304
17,3670,vehicle,1.0,464.139,1623.9035000000001,468.307,1625.7665,0.07000000000005002,-0.016000000000076398,-0.2279999999998381,0.31599999999980355,-0.7550735952812455,466.2292146369642,1620.561944648101,-0.6859293085693304
17,3671,bicycle,1.0,463.933,1599.7525,465.59299999999996,1600.4634999999998,-0.14200000000005275,-0.0340000000001055,0.0039999999999054126,0.0,-2.983116757482053,466.2292146369642,1620.561944648101,-0.6859293085693304
17,3672,vehicle,1.0,398.515,1655.6905000000002,402.64300000000003,1657.6095,-11.961999999999989,6.39200000000028,-0.011999999999943611,-0.09599999999954889,2.620454792236524,466.2292146369642,1620.561944648101,-0.6859293085693304
17,3673,vehicle,1.0,460.694,1607.327,465.33,1609.327,-7.080000000000041,7.878000000000156,0.015999999999849024,-0.019999999999527063,2.286189333894107,466.2292146369642,1620.561944648101,-0.6859293085693304
17,3674,vehicle,1.0,456.878,1583.2175,460.594,1585.0285000000001,-0.9460000000000264,1.038000000000011,0.0,0.0,-0.7962364907675655,466.2292146369642,1620.561944648101,-0.6859293085693304
18,3664,pedestrian,1.0,463.272,1626.577,464.00600000000003,1627.157,0.0,0.0,0.0,0.0,-0.5802521631180948,469.4383854964972,1617.9210056426916,-0.6792435404703066
18,3665,pedestrian,1.0,465.84250000000003,1627.823,466.6215,1628.655,-2.3859999999999673,0.2480000000000473,-1.900000000000091,0.4400000000005093,-2.658033226881943,469.4383854964972,1617.9210056426916,-0.6792435404703066
18,3667,pedestrian,1.0,465.6095,1626.9669999999999,466.3085,1627.657,0.06600000000003092,0.0039999999999054126,0.020000000000209184,0.007999999999810825,-3.14052609493645,469.4383854964972,1617.9210056426916,-0.6792435404703066
18,3668,vehicle,1.0,441.75899999999996,1639.953,446.449,1642.089,8.021999999999935,-6.2960000000002765,2.6119999999998527,-2.1920000000009168,-0.7306646380511355,469.4383854964972,1617.9210056426916,-0.6792435404703066
18,3670,vehicle,1.0,464.18,1623.8945,468.348,1625.7575,0.08199999999999363,-0.018000000000029104,0.023999999999887223,-0.0039999999999054126,-0.7495847630602367,469.4383854964972,1617.9210056426916,-0.6792435404703066
18,3671,bicycle,1.0,463.848,1599.7315,465.508,1600.4424999999999,-0.16999999999995907,-0.041999999999916326,-0.055999999999812644,-0.01599999999962165,-2.983116757482053,469.4383854964972,1617.9210056426916,-0.6792435404703066
18,3672,vehicle,1.0,391.424,1659.5045,395.552,1661.4234999999999,-14.182000000000016,7.627999999999702,-4.440000000000055,2.471999999998843,2.620454792236524,469.4383854964972,1617.9210056426916,-0.6792435404703066
18,3673,vehicle,1.0,456.38,1612.034,461.01599999999996,1614.034,-8.628000000000043,9.414000000000215,-3.0960000000000036,3.0720000000001164,2.314764264233621,469.4383854964972,1617.9210056426916,-0.6792435404703066
18,3674,vehicle,1.0,456.405,1583.7365,460.121,1585.5475000000001,-0.9460000000000264,1.038000000000011,0.0,0.0,-0.7962364907675655,469.4383854964972,1617.9210056426916,-0.6792435404703066
19,3664,pedestrian,1.0,463.32099999999997,1626.545,464.055,1627.125,0.09799999999995634,-0.06399999999985084,0.1959999999999127,-0.12799999999970169,-0.5802521631180948,472.2552148535285,1615.6287527749287,-0.679119014838717
19,3665,pedestrian,1.0,465.0575,1628.1280000000002,465.8365,1628.96,-1.57000000000005,0.6100000000001273,1.6319999999998345,0.7240000000001601,-2.8616418415734404,472.2552148535285,1615.6287527749287,-0.679119014838717
19,3667,pedestrian,1.0,465.63750000000005,1626.969,466.3365,1627.659,0.05600000000004002,0.00400000000036016,-0.01999999999998181,9.094947017729282e-13,-3.113687879126753,472.2552148535285,1615.6287527749287,-0.679119014838717
19,3668,vehicle,1.0,444.991,1637.213,449.68100000000004,1639.349,6.4640000000000555,-5.480000000000018,-3.115999999999758,1.6320000000005166,-0.7306646380511355,472.2552148535285,1615.6287527749287,-0.679119014838717
19,3670,vehicle,1.0,464.215,1623.8865,468.383,1625.7495,0.06999999999993634,-0.016000000000076398,-0.024000000000114596,0.0039999999999054126,-0.7450160175505647,472.2552148535285,1615.6287527749287,-0.679119014838717
19,3671,bicycle,1.0,463.95300000000003,1599.7425,465.613,1600.4534999999998,0.21000000000003638,0.021999999999934516,0.7599999999999909,0.12799999999970169,-2.9787594903735046,472.2552148535285,1615.6287527749287,-0.679119014838717
19,3673,vehicle,1.0,452.688,1615.855,457.32399999999996,1617.855,-7.3840000000000146,7.641999999999825,2.4880000000000564,-3.5440000000007785,2.3385492114539366,472.2552148535285,1615.6287527749287,-0.679119014838717
19,3674,vehicle,1.0,456.608,1583.5604999999998,460.324,1585.3715,0.40600000000006276,-0.3520000000003165,2.7040000000001783,-2.780000000000655,-0.7962364907675655,472.2552148535285,1615.6287527749287,-0.679119014838717
19,3675,pedestrian,1.0,518.231,1560.621,518.9549999999999,1561.321,-0.6419999999998254,1.0960000000000036,0.0,0.0,2.3975064335877416,472.2552148535285,1615.6287527749287,-0.679119014838717
20,3664,pedestrian,1.0,463.37,1626.512,464.10400000000004,1627.0919999999999,0.09800000000007003,-0.0660000000002583,2.2737367544323206e-13,-0.004000000000814907,-0.5802521631180948,475.59109827314,1612.796844800545,-0.720270861592184
20,3667,pedestrian,1.0,465.6655,1626.971,466.36449999999996,1627.661,0.05599999999992633,0.0039999999999054126,-2.2737367544323206e-13,-9.094947017729282e-13,-3.0867893150759795,475.59109827314,1612.796844800545,-0.720270861592184
20,3668,vehicle,1.0,448.229,1634.467,452.91900000000004,1636.603,6.475999999999999,-5.491999999999734,0.023999999999887223,-0.023999999999432475,-0.7306646380511355,475.59109827314,1612.796844800545,-0.720270861592184
20,3670,vehicle,1.0,464.268,1623.8535000000002,468.436,1625.7165,0.10599999999999454,-0.06599999999980355,0.07200000000011642,-0.0999999999994543,-0.7423885858138842,475.59109827314,1612.796844800545,-0.720270861592184
20,3671,bicycle,1.0,464.058,1599.7535,465.71799999999996,1600.4644999999998,0.2099999999999227,0.021999999999934516,-2.2737367544323206e-13,0.0,-2.974392425541897,475.59109827314,1612.796844800545,-0.720270861592184
20,3673,vehicle,1.0,449.07800000000003,1619.394,453.714,1621.394,-7.219999999999914,7.0779999999999745,0.3280000000002019,-1.1279999999997017,2.356003026551539,475.59109827314,1612.796844800545,-0.720270861592184
20,3674,vehicle,1.0,456.81,1583.3835,460.526,1585.1945,0.40399999999999636,-0.35399999999981446,-0.004000000000132786,-0.003999999998995918,-0.7962364907675655,475.59109827314,1612.796844800545,-0.720270861592184
20,3675,pedestrian,1.0,517.9100000000001,1561.169,518.634,1561.869,-0.6419999999998254,1.0960000000000036,0.0,0.0,2.3975064335877416,475.59109827314,1612.796844800545,-0.720270861592184
21,3664,pedestrian,1.0,463.419,1626.48,464.153,1627.06,0.09799999999995634,-0.06399999999985084,-2.2737367544323206e-13,0.004000000000814907,-0.5802521631180948,476.4542043694528,1612.004978905,-0.7407059817697513
21,3667,pedestrian,1.0,465.67150000000004,1626.972,466.3705,1627.662,0.012000000000057298,0.0019999999999527063,-0.08799999999973807,-0.0039999999999054126,-3.0867893150759795,476.4542043694528,1612.004978905,-0.7407059817697513
21,3668,vehicle,1.0,451.44399999999996,1631.742,456.134,1633.878,6.42999999999995,-5.450000000000273,-0.09200000000009823,0.08399999999892316,-0.7306646380511355,476.4542043694528,1612.004978905,-0.7407059817697513
21,3670,vehicle,1.0,464.35,1623.7835,468.51800000000003,1625.6464999999998,0.16400000000010095,-0.14000000000032742,0.11600000000021282,-0.14800000000104774,-0.7425933482596047,476.4542043694528,1612.004978905,-0.7407059817697513
21,3671,bicycle,1.0,464.16400000000004,1599.7645,465.824,1600.4754999999998,0.21200000000010277,0.021999999999934516,0.00400000000036016,0.0,-2.9700256222153527,476.4542043694528,1612.004978905,-0.7407059817697513
21,3673,vehicle,1.0,445.468,1622.932,450.104,1624.932,-7.220000000000027,7.076000000000022,-2.2737367544323206e-13,-0.0039999999999054126,2.3734557964938237,476.4542043694528,1612.004978905,-0.7407059817697513
21,3674,vehicle,1.0,457.013,1583.2065,460.729,1585.0175000000002,0.40599999999994907,-0.35399999999981446,0.0039999999999054126,0.0,-0.7962364907675655,476.4542043694528,1612.004978905,-0.7407059817697513
21,3675,pedestrian,1.0,517.589,1561.717,518.313,1562.417,-0.6420000000000528,1.0960000000000036,-4.547473508864641e-13,0.0,2.3975064335877416,476.4542043694528,1612.004978905,-0.7407059817697513
22,3664,pedestrian,1.0,463.46799999999996,1626.448,464.202,1627.028,0.09799999999995634,-0.06399999999985084,0.0,0.0,-0.5802521631180948,479.9011339615234,1608.5126223026618,-0.8138137870442426
22,3667,pedestrian,1.0,465.67650000000003,1626.972,466.3755,1627.662,0.009999999999990905,0.0,-0.004000000000132786,-0.0039999999999054126,-3.0867893150759795,479.9011339615234,1608.5126223026618,-0.8138137870442426
22,3668,vehicle,1.0,454.43899999999996,1628.78,459.129,1630.916,5.990000000000009,-5.923999999999978,-0.8799999999998818,-0.9479999999994106,-0.7306646380511355,479.9011339615234,1608.5126223026618,-0.8138137870442426
22,3670,vehicle,1.0,464.427,1623.7195000000002,468.595,1625.5825,0.15399999999999636,-0.12799999999970169,-0.020000000000209184,0.024000000001251465,-0.7430024496849353,479.9011339615234,1608.5126223026618,-0.8138137870442426
22,3671,bicycle,1.0,464.269,1599.7755000000002,465.929,1600.4865,0.2099999999999227,0.022000000000389264,-0.00400000000036016,9.094947017729282e-13,-2.9656634649621103,479.9011339615234,1608.5126223026618,-0.8138137870442426
22,3673,vehicle,1.0,441.86600000000004,1626.509,446.502,1628.509,-7.203999999999951,7.153999999999996,0.032000000000152795,0.15599999999994907,2.478230825403836,479.9011339615234,1608.5126223026618,-0.8138137870442426
22,3674,vehicle,1.0,457.215,1583.0304999999998,460.931,1584.8415,0.40399999999999636,-0.3520000000003165,-0.0039999999999054126,0.003999999998995918,-0.7962364907675655,479.9011339615234,1608.5126223026618,-0.8138137870442426
22,3675,pedestrian,1.0,517.269,1562.265,517.9929999999999,1562.965,-0.6400000000001,1.0960000000000036,0.0039999999999054126,0.0,2.3975064335877416,479.9011339615234,1608.5126223026618,-0.8138137870442426
22,3676,bicycle,1.0,522.1759999999999,1537.9235,523.846,1538.6345,0.15200000000004366,0.052000000000134605,0.0,0.0,-2.805442239640733,479.9011339615234,1608.5126223026618,-0.8138137870442426
23,3667,pedestrian,1.0,465.6825,1626.972,466.38149999999996,1627.662,0.011999999999943611,0.0,0.0039999999999054126,0.0,-3.0867893150759795,484.167642953643,1603.6875580155975,-0.8647800285933327
23,3668,vehicle,1.0,457.43199999999996,1625.821,462.122,1627.9569999999999,5.98599999999999,-5.91800000000012,-0.008000000000038199,0.011999999999716238,-0.7306646380511355,484.167642953643,1603.6875580155975,-0.8647800285933327
23,3670,vehicle,1.0,464.504,1623.6565,468.672,1625.5194999999999,0.15399999999999636,-0.12600000000020373,0.0,0.003999999998995918,-0.7434111194695081,484.167642953643,1603.6875580155975,-0.8647800285933327
23,3671,bicycle,1.0,464.382,1599.7385000000002,466.042,1600.4495,0.2259999999999991,-0.07400000000006912,0.032000000000152795,-0.19200000000091677,-2.9656634649621103,484.167642953643,1603.6875580155975,-0.8647800285933327
23,3673,vehicle,1.0,437.91400000000004,1629.686,442.55,1631.686,-7.903999999999996,6.3539999999998145,-1.400000000000091,-1.6000000000003638,2.5828953067331435,484.167642953643,1603.6875580155975,-0.8647800285933327
23,3674,vehicle,1.0,457.417,1582.8545,461.133,1584.6655,0.40399999999999636,-0.35199999999986176,0.0,9.094947017729282e-13,-0.7953200730613958,484.167642953643,1603.6875580155975,-0.8647800285933327
23,3675,pedestrian,1.0,516.9490000000001,1562.8110000000001,517.673,1563.511,-0.6399999999998727,1.0920000000000982,4.547473508864641e-13,-0.007999999999810825,2.3975064335877416,484.167642953643,1603.6875580155975,-0.8647800285933327
23,3676,bicycle,1.0,522.252,1537.9495000000002,523.922,1538.6605,0.15200000000004366,0.052000000000134605,0.0,0.0,-2.805442239640733,484.167642953643,1603.6875580155975,-0.8647800285933327
23,3677,vehicle,1.0,521.899,1521.8585,526.215,1523.7994999999999,0.4079999999999018,0.07200000000011642,0.0,0.0,-1.3971535195139648,484.167642953643,1603.6875580155975,-0.8647800285933327
24,3667,pedestrian,1.0,465.68850000000003,1626.973,466.3875,1627.663,0.012000000000057298,0.0019999999999527063,2.2737367544323206e-13,0.0039999999999054126,-3.0867893150759795,485.57492848477705,1601.9849869345107,-0.8840064596056152
24,3668,vehicle,1.0,459.952,1623.286,464.64200000000005,1625.422,5.040000000000077,-5.069999999999709,-1.8919999999998254,1.6960000000008222,-0.7306646380511355,485.57492848477705,1601.9849869345107,-0.8840064596056152
24,3670,vehicle,1.0,464.565,1623.6235000000001,468.733,1625.4865,0.12199999999995725,-0.06599999999980355,-0.06400000000007822,0.12000000000080036,-0.7446369498610985,485.57492848477705,1601.9849869345107,-0.8840064596056152
24,3671,bicycle,1.0,464.49600000000004,1599.7025,466.156,1600.4134999999999,0.22800000000006548,-0.07200000000011642,0.004000000000132786,0.0039999999999054126,-2.9656634649621103,485.57492848477705,1601.9849869345107,-0.8840064596056152
24,3673,vehicle,1.0,433.958,1632.76,438.594,1634.76,-7.912000000000035,6.148000000000138,-0.016000000000076398,-0.41199999999935244,2.5828953067331435,485.57492848477705,1601.9849869345107,-0.8840064596056152
24,3674,vehicle,1.0,457.61899999999997,1582.6775,461.335,1584.4885000000002,0.40399999999999636,-0.35399999999981446,0.0,-0.0039999999999054126,-0.794404758940654,485.57492848477705,1601.9849869345107,-0.8840064596056152
24,3675,pedestrian,1.0,516.683,1563.4840000000002,517.4069999999999,1564.184,-0.5320000000001528,1.3460000000000036,0.21599999999943975,0.5079999999998108,2.3975064335877416,485.57492848477705,1601.9849869345107,-0.8840064596056152
24,3676,bicycle,1.0,522.261,1537.9525,523.931,1538.6634999999999,0.018000000000029104,0.005999999999858119,-0.2680000000000291,-0.09200000000055297,-2.805442239640733,485.57492848477705,1601.9849869345107,-0.8840064596056152
24,3677,vehicle,1.0,522.103,1521.8945,526.419,1523.8355,0.4079999999999018,0.07200000000011642,0.0,0.0,-1.3971535195139648,485.57492848477705,1601.9849869345107,-0.8840064596056152
25,3667,pedestrian,1.0,465.6945,1626.973,466.39349999999996,1627.663,0.011999999999943611,0.0,-2.2737367544323206e-13,-0.0039999999999054126,-3.0867893150759795,487.5442713974466,1599.5059553426418,-0.909821422327024
25,3668,vehicle,1.0,462.47299999999996,1620.75,467.163,1622.886,5.041999999999916,-5.072000000000116,0.003999999999678039,-0.004000000000814907,-0.7306646380511355,487.5442713974466,1599.5059553426418,-0.909821422327024
25,3670,vehicle,1.0,464.603,1623.6335000000001,468.771,1625.4965,0.07600000000002183,0.01999999999998181,-0.09199999999987085,0.17199999999957072,-0.7470903293613106,487.5442713974466,1599.5059553426418,-0.909821422327024
25,3671,bicycle,1.0,464.60900000000004,1599.6655,466.269,1600.3764999999999,0.2259999999999991,-0.07400000000006912,-0.004000000000132786,-0.0039999999999054126,-2.9656634649621103,487.5442713974466,1599.5059553426418,-0.909821422327024
25,3673,vehicle,1.0,429.951,1635.753,434.587,1637.753,-8.01400000000001,5.985999999999876,-0.2039999999999509,-0.32400000000052387,2.5305354291733133,487.5442713974466,1599.5059553426418,-0.909821422327024
25,3674,vehicle,1.0,457.82099999999997,1582.5014999999999,461.537,1584.3125,0.40399999999999636,-0.3520000000003165,0.0,0.003999999998995918,-0.7934893549931915,487.5442713974466,1599.5059553426418,-0.909821422327024
25,3675,pedestrian,1.0,516.416,1564.1560000000002,517.14,1564.856,-0.5339999999998781,1.344000000000051,-0.003999999999450665,-0.0039999999999054126,2.3975064335877416,487.5442713974466,1599.5059553426418,-0.909821422327024
25,3676,bicycle,1.0,522.27,1537.9555,523.94,1538.6664999999998,0.018000000000029104,0.005999999999858119,0.0,0.0,-2.805442239640733,487.5442713974466,1599.5059553426418,-0.909821422327024
25,3677,vehicle,1.0,522.308,1521.9295000000002,526.624,1523.8705,0.41000000000008185,0.07000000000016371,0.00400000000036016,-0.0039999999999054126,-1.3971535195139648,487.5442713974466,1599.5059553426418,-0.909821422327024
26,3668,vehicle,1.0,464.996,1618.212,469.68600000000004,1620.348,5.046000000000049,-5.076000000000022,0.008000000000265572,-0.007999999999810825,-0.7306646380511355,491.7533836136024,1593.7881223967029,-0.9549882083996505
26,3670,vehicle,1.0,464.642,1623.6435000000001,468.81,1625.5065,0.07799999999997453,0.01999999999998181,0.0039999999999054126,0.0,-0.749546234228728,491.7533836136024,1593.7881223967029,-0.9549882083996505
26,3671,bicycle,1.0,464.723,1599.6285,466.383,1600.3394999999998,0.2279999999999518,-0.07400000000006912,0.0039999999999054126,0.0,-2.9656634649621103,491.7533836136024,1593.7881223967029,-0.9549882083996505
26,3673,vehicle,1.0,426.386,1638.163,431.022,1640.163,-7.1299999999999955,4.820000000000164,1.768000000000029,-2.331999999999425,2.5305354291733133,491.7533836136024,1593.7881223967029,-0.9549882083996505
26,3674,vehicle,1.0,458.024,1582.3255,461.74,1584.1365,0.40600000000006276,-0.35199999999986176,0.004000000000132786,9.094947017729282e-13,-0.7925730087817584,491.7533836136024,1593.7881223967029,-0.9549882083996505
26,3675,pedestrian,1.0,516.15,1564.8290000000002,516.8739999999999,1565.529,-0.5320000000001528,1.3460000000000036,0.003999999999450665,0.0039999999999054126,2.3975064335877416,491.7533836136024,1593.7881223967029,-0.9549882083996505
26,3676,bicycle,1.0,522.279,1537.9595000000002,523.9490000000001,1538.6705,0.018000000000029104,0.008000000000265572,0.0,0.004000000000814907,-2.805442239640733,491.7533836136024,1593.7881223967029,-0.9549882083996505
26,3677,vehicle,1.0,522.513,1521.9655,526.8290000000001,1523.9064999999998,0.41000000000008185,0.07199999999966167,0.0,0.003999999998995918,-1.3971535195139648,491.7533836136024,1593.7881223967029,-0.9549882083996505
27,3668,vehicle,1.0,467.80699999999996,1615.978,472.497,1618.114,5.621999999999957,-4.467999999999847,1.1519999999998163,1.2160000000003492,-0.7481179305710784,494.7583276483273,1589.3751819663375,-0.9844093533366922
27,3670,vehicle,1.0,464.706,1623.6815000000001,468.874,1625.5445,0.12800000000004275,0.07600000000002183,0.10000000000013642,0.11200000000008004,-0.7520048806426439,494.7583276483273,1589.3751819663375,-0.9844093533366922
27,3671,bicycle,1.0,464.841,1599.5635000000002,466.501,1600.2745,0.23599999999999,-0.1299999999996544,0.016000000000076398,-0.11199999999917054,-2.9656634649621103,494.7583276483273,1589.3751819663375,-0.9844093533366922
27,3673,vehicle,1.0,422.44100000000003,1640.372,427.077,1642.372,-7.889999999999986,4.41800000000012,-1.5199999999999818,-0.8040000000000873,2.51308213665337,494.7583276483273,1589.3751819663375,-0.9844093533366922
27,3674,vehicle,1.0,458.226,1582.1495,461.942,1583.9605000000001,0.40399999999999636,-0.35199999999986176,-0.004000000000132786,0.0,-0.7916556396456262,494.7583276483273,1589.3751819663375,-0.9844093533366922
27,3675,pedestrian,1.0,515.8820000000001,1565.5030000000002,516.606,1566.203,-0.5359999999998308,1.3479999999999563,-0.007999999999356078,0.0039999999999054126,2.3975064335877416,494.7583276483273,1589.3751819663375,-0.9844093533366922
27,3676,bicycle,1.0,522.288,1537.9625,523.9580000000001,1538.6734999999999,0.018000000000029104,0.005999999999858119,0.0,-0.004000000000814907,-2.805442239640733,494.7583276483273,1589.3751819663375,-0.9844093533366922
27,3677,vehicle,1.0,522.519,1521.9565,526.835,1523.8974999999998,0.011999999999943611,-0.018000000000029104,-0.7960000000002765,-0.17999999999938154,-1.3971535195139648,494.7583276483273,1589.3751819663375,-0.9844093533366922
28,3668,vehicle,1.0,470.33399999999995,1613.48,475.024,1615.616,5.053999999999974,-4.996000000000095,-1.1359999999999673,-1.0560000000004948,-0.8353843931707942,497.8600214437769,1584.5365211682858,-1.012326226364595
28,3670,vehicle,1.0,464.614,1623.6345000000001,468.782,1625.4975,-0.18400000000008276,-0.09400000000005093,-0.624000000000251,-0.3400000000001455,-0.7618052451148108,497.8600214437769,1584.5365211682858,-1.012326226364595
28,3671,bicycle,1.0,464.96000000000004,1599.4985000000001,466.62,1600.2095,0.2380000000000564,-0.13000000000010914,0.004000000000132786,-9.094947017729282e-13,-2.9656634649621103,497.8600214437769,1584.5365211682858,-1.012326226364595
28,3673,vehicle,1.0,418.57,1642.451,423.20599999999996,1644.451,-7.7420000000000755,4.157999999999902,0.29599999999982174,-0.5200000000004366,2.51308213665337,497.8600214437769,1584.5365211682858,-1.012326226364595
28,3674,vehicle,1.0,458.428,1581.9724999999999,462.144,1583.7835,0.40399999999999636,-0.3540000000002692,0.0,-0.004000000000814907,-0.7907402045337912,497.8600214437769,1584.5365211682858,-1.012326226364595
28,3675,pedestrian,1.0,515.548,1566.145,516.2719999999999,1566.8449999999998,-0.66800000000012,1.2839999999996508,-0.26400000000057844,-0.12800000000061118,2.3975064335877416,497.8600214437769,1584.5365211682858,-1.012326226364595
28,3676,bicycle,1.0,522.328,1537.9765000000002,523.998,1538.6875,0.07999999999992724,0.028000000000247383,0.12399999999979627,0.04400000000077853,-2.805442239640733,497.8600214437769,1584.5365211682858,-1.012326226364595
28,3677,vehicle,1.0,522.525,1521.9475,526.841,1523.8884999999998,0.011999999999943611,-0.018000000000029104,0.0,0.0,-1.3971535195139648,497.8600214437769,1584.5365211682858,-1.012326226364595
29,3668,vehicle,1.0,473.72099999999995,1610.225,478.411,1612.3609999999999,6.774000000000001,-6.510000000000218,3.4400000000000546,-3.0280000000002474,-0.8353843931707942,498.60481088040234,1583.309884301209,-1.02036149380387
29,3670,vehicle,1.0,464.649,1623.8315,468.817,1625.6944999999998,0.07000000000005002,0.3939999999997781,0.5080000000002656,0.975999999999658,-0.7814459325808322,498.60481088040234,1583.309884301209,-1.02036149380387
29,3671,bicycle,1.0,465.07800000000003,1599.4335,466.738,1600.1444999999999,0.23599999999999,-0.13000000000010914,-0.004000000000132786,0.0,-2.9656634649621103,498.60481088040234,1583.309884301209,-1.02036149380387
29,3673,vehicle,1.0,414.721,1644.512,419.35699999999997,1646.512,-7.697999999999979,4.121999999999844,0.08800000000019281,-0.07200000000011642,2.51308213665337,498.60481088040234,1583.309884301209,-1.02036149380387
29,3674,vehicle,1.0,458.63,1581.7965,462.346,1583.6075,0.40399999999999636,-0.35199999999986176,0.0,0.004000000000814907,-0.7898238711547472,498.60481088040234,1583.309884301209,-1.02036149380387
29,3675,pedestrian,1.0,515.2130000000001,1566.788,515.937,1567.4879999999998,-0.6699999999998454,1.2860000000000582,-0.003999999999450665,0.004000000000814907,2.3975064335877416,498.60481088040234,1583.309884301209,-1.02036149380387
29,3676,bicycle,1.0,522.3679999999999,1537.9895000000001,524.038,1538.7005,0.07999999999992724,0.02599999999983993,0.0,-0.004000000000814907,-2.805442239640733,498.60481088040234,1583.309884301209,-1.02036149380387
29,3677,vehicle,1.0,522.53,1521.9385000000002,526.846,1523.8795,0.009999999999990905,-0.017999999999574356,-0.0039999999999054126,9.094947017729282e-13,-1.3971535195139648,498.60481088040234,1583.309884301209,-1.02036149380387
30,3668,vehicle,1.0,476.933,1606.779,481.62300000000005,1608.915,6.424000000000092,-6.891999999999825,-0.6999999999998181,-0.7639999999992142,-0.8702909782106802,501.41337706470654,1578.5551654369665,-1.043741958561856
30,3670,vehicle,1.0,464.642,1624.1815000000001,468.81,1626.0445,-0.014000000000010004,0.7000000000002728,-0.16800000000012005,0.6120000000009895,-0.8207099391841731,501.41337706470654,1578.5551654369665,-1.043741958561856
30,3671,bicycle,1.0,465.197,1599.3685,466.85699999999997,1600.0794999999998,0.2379999999999427,-0.13000000000010914,0.0039999999999054126,0.0,-2.9656634649621103,501.41337706470654,1578.5551654369665,-1.043741958561856
30,3673,vehicle,1.0,410.796,1646.47,415.43199999999996,1648.47,-7.850000000000023,3.9160000000001673,-0.3040000000000873,-0.41199999999935244,2.51308213665337,501.41337706470654,1578.5551654369665,-1.043741958561856
30,3674,vehicle,1.0,458.832,1581.6205,462.548,1583.4315000000001,0.40399999999999636,-0.35199999999986176,0.0,0.0,-0.7889074937789418,501.41337706470654,1578.5551654369665,-1.043741958561856
30,3675,pedestrian,1.0,514.878,1567.431,515.602,1568.1309999999999,-0.6700000000000728,1.2860000000000582,-4.547473508864641e-13,0.0,2.3975064335877416,501.41337706470654,1578.5551654369665,-1.043741958561856
30,3676,bicycle,1.0,522.408,1538.0035,524.0780000000001,1538.7144999999998,0.08000000000015461,0.027999999999792635,4.547473508864641e-13,0.0039999999999054126,-2.805442239640733,501.41337706470654,1578.5551654369665,-1.043741958561856
30,3677,vehicle,1.0,522.536,1521.9295000000002,526.852,1523.8705,0.011999999999943611,-0.018000000000029104,0.0039999999999054126,-9.094947017729282e-13,-1.3971535195139648,501.41337706470654,1578.5551654369665,-1.043741958561856
31,3668,vehicle,1.0,480.22299999999996,1603.39,484.913,1605.526,6.579999999999927,-6.777999999999793,0.31199999999967076,0.22800000000006548,-0.8702909782106802,504.5845352816362,1572.8766927391976,-1.0708169162126293
31,3670,vehicle,1.0,464.227,1623.9415000000001,468.395,1625.8045,-0.8300000000000409,-0.4800000000000182,-1.6320000000000618,-2.360000000000582,-0.9167167363054404,504.5845352816362,1572.8766927391976,-1.0708169162126293
31,3671,bicycle,1.0,465.202,1599.2895,466.86199999999997,1600.0004999999999,0.009999999999990905,-0.15799999999990177,-0.4559999999999036,-0.05599999999958527,-2.9656634649621103,504.5845352816362,1572.8766927391976,-1.0708169162126293
31,3674,vehicle,1.0,459.03499999999997,1581.4434999999999,462.751,1583.2545,0.40599999999994907,-0.3540000000002692,0.0039999999999054126,-0.004000000000814907,-0.7879901576403805,504.5845352816362,1572.8766927391976,-1.0708169162126293
31,3675,pedestrian,1.0,514.479,1568.097,515.203,1568.7969999999998,-0.7980000000000018,1.33199999999988,-0.2559999999998581,0.09199999999964348,2.3975064335877416,504.5845352816362,1572.8766927391976,-1.0708169162126293
31,3676,bicycle,1.0,522.4219999999999,1538.0095000000001,524.092,1538.7205,0.027999999999792635,0.012000000000170985,-0.10400000000072396,-0.0319999999992433,-2.805442239640733,504.5845352816362,1572.8766927391976,-1.0708169162126293
31,3677,vehicle,1.0,522.542,1521.9195000000002,526.8580000000001,1523.8605,0.012000000000170985,-0.01999999999998181,4.547473508864641e-13,-0.0039999999999054126,-1.3971535195139648,504.5845352816362,1572.8766927391976,-1.0708169162126293
32,3668,vehicle,1.0,483.34599999999995,1599.95,488.036,1602.086,6.245999999999981,-6.880000000000109,-0.6679999999998927,-0.204000000000633,-0.8702909782106802,505.52671615156976,1571.080623969783,-1.0887141976952825
32,3670,vehicle,1.0,464.48,1623.9175,468.648,1625.7804999999998,0.5060000000000855,-0.04800000000022919,2.672000000000253,0.863999999999578,-0.8778706329893846,505.52671615156976,1571.080623969783,-1.0887141976952825
32,3671,bicycle,1.0,465.207,1599.2105000000001,466.86699999999996,1599.9215,0.009999999999990905,-0.15799999999990177,0.0,0.0,-2.9656634649621103,505.52671615156976,1571.080623969783,-1.0887141976952825
32,3674,vehicle,1.0,459.237,1581.2675,462.95300000000003,1583.0785,0.40400000000011005,-0.35199999999986176,-0.003999999999678039,0.004000000000814907,-0.7870736794386639,505.52671615156976,1571.080623969783,-1.0887141976952825
32,3675,pedestrian,1.0,514.081,1568.7630000000001,514.805,1569.463,-0.7960000000000491,1.3320000000003347,0.0039999999999054126,9.094947017729282e-13,2.3975064335877416,505.52671615156976,1571.080623969783,-1.0887141976952825
32,3676,bicycle,1.0,522.437,1538.0145,524.1070000000001,1538.7254999999998,0.03000000000020009,0.009999999999763531,0.004000000000814907,-0.004000000000814907,-2.805442239640733,505.52671615156976,1571.080623969783,-1.0887141976952825
32,3677,vehicle,1.0,522.548,1521.9105000000002,526.864,1523.8515,0.011999999999943611,-0.018000000000029104,-4.547473508864641e-13,0.0039999999999054126,-1.3971535195139648,505.52671615156976,1571.080623969783,-1.0887141976952825
32,3678,vehicle,1.0,537.5535,1477.8039999999999,541.8985,1479.472,-1.3820000000000618,1.288000000000011,0.0,0.0,-2.9929953210749844,505.52671615156976,1571.080623969783,-1.0887141976952825
33,3668,vehicle,1.0,486.33299999999997,1596.302,491.023,1598.4379999999999,5.974000000000046,-7.2960000000002765,-0.543999999999869,-0.8320000000003347,-0.9575574408103958,506.7631120347663,1568.61767648861,-1.1138924616438786
33,3670,vehicle,1.0,464.54699999999997,1623.6955,468.715,1625.5584999999999,0.13399999999990087,-0.44399999999996,-0.7440000000003693,-0.7919999999994616,-0.8312553711720884,506.7631120347663,1568.61767648861,-1.1138924616438786
33,3675,pedestrian,1.0,513.6030000000001,1569.5620000000001,514.327,1570.262,-0.9559999999999036,1.5979999999999563,-0.31999999999970896,0.5319999999992433,2.3975064335877416,506.7631120347663,1568.61767648861,-1.1138924616438786
33,3676,bicycle,1.0,522.4549999999999,1538.0205,524.125,1538.7314999999999,0.035999999999830834,0.012000000000170985,0.01199999999926149,0.004000000000814907,-2.805442239640733,506.7631120347663,1568.61767648861,-1.1138924616438786
33,3677,vehicle,1.0,522.555,1521.8995,526.871,1523.8404999999998,0.013999999999896318,-0.022000000000389264,0.0039999999999054126,-0.00800000000072032,-1.3971535195139648,506.7631120347663,1568.61767648861,-1.1138924616438786
33,3678,vehicle,1.0,536.8625,1478.4479999999999,541.2075,1480.116,-1.3820000000000618,1.288000000000011,0.0,0.0,-2.9929953210749844,506.7631120347663,1568.61767648861,-1.1138924616438786
34,3668,vehicle,1.0,488.844,1593.244,493.53400000000005,1595.3799999999999,5.022000000000048,-6.1159999999999854,-1.9039999999999964,2.360000000000582,-0.9575574408103958,509.1818178504784,1563.209396346504,-1.179391481516369
34,3670,vehicle,1.0,464.639,1623.8455000000001,468.807,1625.7085,0.18400000000008276,0.3000000000001819,0.1000000000003638,1.4880000000002838,-0.8560038783657776,509.1818178504784,1563.209396346504,-1.179391481516369
34,3675,pedestrian,1.0,513.349,1570.257,514.073,1570.9569999999999,-0.5080000000000382,1.3899999999998727,0.8959999999997308,-0.41600000000016735,2.3975064335877416,509.1818178504784,1563.209396346504,-1.179391481516369
34,3676,bicycle,1.0,522.4689999999999,1538.0255000000002,524.139,1538.7365,0.02800000000002001,0.010000000000218279,-0.01599999999962165,-0.0039999999999054126,-2.805442239640733,509.1818178504784,1563.209396346504,-1.179391481516369
34,3677,vehicle,1.0,522.561,1521.8905000000002,526.8770000000001,1523.8315,0.012000000000170985,-0.017999999999574356,-0.003999999999450665,0.008000000001629815,-1.3971535195139648,509.1818178504784,1563.209396346504,-1.179391481516369
34,3678,vehicle,1.0,536.3104999999999,1478.989,540.6555,1480.6570000000002,-1.1040000000000418,1.0820000000003347,0.55600000000004,-0.41199999999935244,-2.9929953210749844,509.1818178504784,1563.209396346504,-1.179391481516369
35,3668,vehicle,1.0,491.80699999999996,1589.095,496.497,1591.231,5.925999999999931,-8.297999999999774,1.8079999999997654,-4.363999999999578,-1.009917318370225,510.77269758076346,1559.0458890658942,-1.2245706304352422
35,3670,vehicle,1.0,464.52,1623.8245000000002,468.688,1625.6875,-0.2380000000000564,-0.041999999999916326,-0.8440000000002783,-0.6840000000001965,-0.8347920395161069,510.77269758076346,1559.0458890658942,-1.2245706304352422
35,3675,pedestrian,1.0,513.02,1571.159,513.7439999999999,1571.859,-0.6580000000001291,1.8040000000000873,-0.3000000000001819,0.8280000000004293,2.3975064335877416,510.77269758076346,1559.0458890658942,-1.2245706304352422
35,3676,bicycle,1.0,522.4449999999999,1538.0165000000002,524.115,1538.7275,-0.04800000000000182,-0.018000000000029104,-0.15200000000004366,-0.056000000000494765,-2.805442239640733,510.77269758076346,1559.0458890658942,-1.2245706304352422
35,3677,vehicle,1.0,522.568,1521.8785,526.884,1523.8194999999998,0.013999999999896318,-0.02400000000034197,0.003999999999450665,-0.012000000001535227,-1.3971535195139648,510.77269758076346,1559.0458890658942,-1.2245706304352422
35,3678,vehicle,1.0,535.4415,1479.667,539.7865,1481.335,-1.737999999999829,1.3559999999997672,-1.2679999999995744,0.547999999998865,-2.9929953210749844,510.77269758076346,1559.0458890658942,-1.2245706304352422
35,3679,pedestrian,1.0,532.222,1508.244,532.8620000000001,1508.9379999999999,-0.03999999999996362,1.0579999999999927,0.0,0.0,-1.4760773084547658,510.77269758076346,1559.0458890658942,-1.2245706304352422
36,3668,vehicle,1.0,494.578,1584.771,499.26800000000003,1586.907,5.54200000000003,-8.648000000000138,-0.7679999999998017,-0.7000000000007276,-1.0273706108901681,512.7611058635373,1553.0608789489922,-1.2682987953209184
36,3670,vehicle,1.0,464.692,1623.7915,468.86,1625.6544999999999,0.34400000000005093,-0.0660000000002583,1.1640000000002146,-0.04800000000068394,-0.8818393587892399,512.7611058635373,1553.0608789489922,-1.2682987953209184
36,3675,pedestrian,1.0,512.664,1571.7330000000002,513.3879999999999,1572.433,-0.7119999999999891,1.1480000000001382,-0.10799999999971988,-1.3119999999998981,2.3975064335877416,512.7611058635373,1553.0608789489922,-1.2682987953209184
36,3676,bicycle,1.0,522.4259999999999,1538.0105,524.096,1538.7214999999999,-0.038000000000010914,-0.012000000000170985,0.01999999999998181,0.011999999999716238,-2.805442239640733,512.7611058635373,1553.0608789489922,-1.2682987953209184
36,3677,vehicle,1.0,522.574,1521.8695,526.89,1523.8104999999998,0.011999999999943611,-0.018000000000029104,-0.0039999999999054126,0.012000000000625732,-1.3971535195139648,512.7611058635373,1553.0608789489922,-1.2682987953209184
36,3678,vehicle,1.0,534.6125,1480.166,538.9575,1481.834,-1.6580000000001291,0.9980000000000473,0.15999999999939973,-0.7159999999994398,-2.9929953210749844,512.7611058635373,1553.0608789489922,-1.2682987953209184
36,3679,pedestrian,1.0,532.202,1508.773,532.8420000000001,1509.4669999999999,-0.03999999999996362,1.0579999999999927,0.0,0.0,-1.4760773084547658,512.7611058635373,1553.0608789489922,-1.2682987953209184
37,3668,vehicle,1.0,496.82599999999996,1581.105,501.516,1583.241,4.495999999999981,-7.33199999999988,-2.0920000000000982,2.6320000000005166,-1.0622771959300543,514.0912851143419,1548.6013878370966,-1.284583327535707
37,3670,vehicle,1.0,464.567,1623.8055000000002,468.735,1625.6685,-0.25,0.028000000000247383,-1.1880000000001019,0.18800000000101136,-0.8294502737057248,514.0912851143419,1548.6013878370966,-1.284583327535707
37,3675,pedestrian,1.0,512.308,1572.307,513.0319999999999,1573.0069999999998,-0.7119999999999891,1.1479999999996835,0.0,-9.094947017729282e-13,2.3975064335877416,514.0912851143419,1548.6013878370966,-1.284583327535707
37,3676,bicycle,1.0,522.4259999999999,1538.0105,524.096,1538.7214999999999,0.0,0.0,0.07600000000002183,0.02400000000034197,-2.805442239640733,514.0912851143419,1548.6013878370966,-1.284583327535707
37,3677,vehicle,1.0,522.58,1521.8595,526.8960000000001,1523.8004999999998,0.012000000000170985,-0.01999999999998181,4.547473508864641e-13,-0.0039999999999054126,-1.3971535195139648,514.0912851143419,1548.6013878370966,-1.284583327535707
37,3678,vehicle,1.0,533.1025,1480.5629999999999,537.4475,1482.231,-3.019999999999982,0.793999999999869,-2.7239999999997053,-0.4080000000003565,-2.9929953210749844,514.0912851143419,1548.6013878370966,-1.284583327535707
37,3679,pedestrian,1.0,532.045,1509.289,532.6850000000001,1509.983,-0.3140000000000782,1.0320000000001528,-0.5480000000002292,-0.05199999999967986,-1.4760773084547658,514.0912851143419,1548.6013878370966,-1.284583327535707
38,3668,vehicle,1.0,498.81899999999996,1577.479,503.509,1579.615,3.98599999999999,-7.251999999999953,-1.0199999999999818,0.15999999999985448,-1.1146370734898836,514.5809395913519,1546.8746447914664,-1.2905047887468704
38,3675,pedestrian,1.0,511.95099999999996,1572.881,512.675,1573.581,-0.7139999999999418,1.1480000000001382,-0.0039999999999054126,9.094947017729282e-13,2.3975064335877416,514.5809395913519,1546.8746447914664,-1.2905047887468704
38,3676,bicycle,1.0,522.4259999999999,1538.0105,524.096,1538.7214999999999,0.0,0.0,0.0,0.0,-2.805442239640733,514.5809395913519,1546.8746447914664,-1.2905047887468704
38,3677,vehicle,1.0,522.586,1521.8505,526.902,1523.7914999999998,0.011999999999943611,-0.018000000000029104,-4.547473508864641e-13,0.0039999999999054126,-1.3971535195139648,514.5809395913519,1546.8746447914664,-1.2905047887468704
38,3678,vehicle,1.0,531.7395,1480.982,536.0845,1482.65,-2.7259999999998854,0.8380000000001928,0.5880000000001928,0.08800000000064756,-2.9929953210749844,514.5809395913519,1546.8746447914664,-1.2905047887468704
38,3679,pedestrian,1.0,531.887,1509.806,532.527,1510.5,-0.3160000000000309,1.0340000000001055,-0.0039999999999054126,0.0039999999999054126,-1.4760773084547658,514.5809395913519,1546.8746447914664,-1.2905047887468704
